Designator,Footprint,Quantity,Value,LCSC Part #
Q1,SOT-323_SC-70,1,CJ2102,C47937
J4,PinHeader_1x04_P2.54mm_Vertical,1,Conn_01x04_Female,
R5,R_0603_1608Metric,1,2K,
J2,PinHeader_1x02_P2.54mm_Vertical,1,Conn_01x02_Female,
R3,R_0603_1608Metric,1,2K,
R1,R_0603_1608Metric,1,4K7,
R4,R_0603_1608Metric,1,2K,
C3,C_0603_1608Metric,1,100nF,
R7,R_0603_1608Metric,1,4K7,
J1,PinHeader_1x01_P2.54mm_Vertical,1,Conn_01x01_Female,
C5,C_0603_1608Metric,1,100nF,
U2,SOIC-8_3.9x4.9mm_P1.27mm,1,LM393,C404321
C2,C_0603_1608Metric,1,"4,7µF",
U3,PinHeader_1x04_P2.54mm_Vertical,1,ITR1100,C841512
U1,TSSOP-20_4.4x6.5mm_P0.65mm,1,STM32F030F4Px,
R8,R_0603_1608Metric,1,4K7,
C4,C_0603_1608Metric,1,100nF,
R11,R_0603_1608Metric,1,100R,
J3,PinHeader_1x03_P2.54mm_Vertical,1,Conn_01x03_Female,
R2,R_0603_1608Metric,1,4K7,
R9,R_0603_1608Metric,1,4K7,
C6,C_0603_1608Metric,1,100nF,
C1,C_0603_1608Metric,1,100nF,
R6,R_0603_1608Metric,1,4K7,
R10,R_0603_1608Metric,1,100R,
J5,PinHeader_1x05_P2.54mm_Vertical,1,Conn_01x05_Female,
JP1,SolderJumper-3_P1.3mm_Open_Pad1.0x1.5mm,1,SolderJumper_3_Open,
JP4,SolderJumper-3_P1.3mm_Open_Pad1.0x1.5mm,1,SolderJumper_3_Open,
JP3,SolderJumper-3_P1.3mm_Open_Pad1.0x1.5mm,1,SolderJumper_3_Open,
JP5,SolderJumper-3_P1.3mm_Open_Pad1.0x1.5mm,1,SolderJumper_3_Open,
JP2,SolderJumper-3_P1.3mm_Open_Pad1.0x1.5mm,1,SolderJumper_3_Open,
